{"cameraMode":{"drawMode":0,"name":"Shaded","section":"Shading Mode"},"sceneLighting":true,"audioPlay":false,"sceneViewState":{"showFog":true,"showMaterialUpdate":true,"showSkybox":true,"showFlares":true,"showImageEffects":true,"showParticleSystems":true},"in2DMode":false,"pivot":{"x":244.49383544921876,"y":47.402374267578128,"z":-20.505298614501954},"rotation":{"x":0.1849556565284729,"y":0.15587827563285829,"z":-0.02954990230500698,"w":0.9699440002441406},"size":29.246177673339845,"orthographic":false}