{"cameraMode":{"drawMode":0,"name":"Shaded","section":"Shading Mode"},"sceneLighting":true,"audioPlay":false,"sceneViewState":{"showFog":true,"showMaterialUpdate":true,"showSkybox":true,"showFlares":true,"showImageEffects":true,"showParticleSystems":true},"in2DMode":false,"pivot":{"x":245.19418334960938,"y":66.88240814208985,"z":-29.12139892578125},"rotation":{"x":0.1946161687374115,"y":-0.20540755987167359,"z":0.041898250579833987,"w":0.9583004713058472},"size":29.246177673339845,"orthographic":false}