{"cameraMode":{"drawMode":0,"name":"Shaded","section":"Shading Mode"},"sceneLighting":true,"audioPlay":false,"sceneViewState":{"showFog":true,"showMaterialUpdate":true,"showSkybox":true,"showFlares":true,"showImageEffects":true,"showParticleSystems":true},"in2DMode":false,"pivot":{"x":-210.26844787597657,"y":80.31692504882813,"z":19.468103408813478},"rotation":{"x":-0.05993230640888214,"y":-0.9331376552581787,"z":0.3033977150917053,"w":-0.18364806473255158},"size":10.540425300598145,"orthographic":false}