{"cameraMode":{"drawMode":0,"name":"Shaded","section":"Shading Mode"},"sceneLighting":true,"audioPlay":false,"sceneViewState":{"showFog":true,"showMaterialUpdate":true,"showSkybox":true,"showFlares":true,"showImageEffects":true,"showParticleSystems":true},"in2DMode":false,"pivot":{"x":332.2674865722656,"y":351.30621337890627,"z":-59.923187255859378},"rotation":{"x":0.4206121861934662,"y":-0.47189339995384219,"z":0.27405908703804018,"w":0.7248533368110657},"size":107.7462387084961,"orthographic":false}