{"cameraMode":{"drawMode":0,"name":"Shaded","section":"Shading Mode"},"sceneLighting":true,"audioPlay":false,"sceneViewState":{"showFog":true,"showMaterialUpdate":true,"showSkybox":true,"showFlares":true,"showImageEffects":true,"showParticleSystems":true},"in2DMode":false,"pivot":{"x":269.5066833496094,"y":12.849100112915039,"z":-279.2902526855469},"rotation":{"x":-0.10350465029478073,"y":-0.25318193435668948,"z":-0.026782771572470666,"w":0.9616510272026062},"size":11.839649200439454,"orthographic":false}